{
  "TacForce_train_set.csv": {
    "nobg": [
      [
        0.36541664600372314,
        0.3716222047805786,
        0.36927229166030884
      ],
      [
        0.21197719871997833,
        0.2151239663362503,
        0.21367691457271576
      ]
    ],
    "depth": [
      [
        0.4258389472961426,
        0.4258389472961426,
        0.4258389472961426
      ],
      [
        0.24497637152671814,
        0.24497637152671814,
        0.24497637152671814
      ]
    ]
  }
}